codigo;nombre;marca;pvpAnterior;pvpFinal
0010013739;"Calentador Vaillant atmoMAG plus ES11-4/0E, BUT";VAILLAN;359.00;339
0010013741;"Calentador Vaillant MAG ES14-4/0EV, BP";VAILLAN;411.72;399
00771000;"Extractor baño Cata SMT100T, 130m3/h, temporizador";"CATA   ";44.90;89
02006206;"Campana Cata C700GLASSB decorativa inox-cristal";"CATA   ";189.00;164
02060306;"Campana Cata SPLUS600, decorativa";"CATA   ";129.08;164
02078001;"Campana Cata ATENEA700WH decorativa cristal blanco";"CATA   ";349.00;289
02078201;"Campana Cata ATENEA700BK decorativa Cristal negro";"CATA   ";349.00;269
02127009;"Campana Cata THALASSA 600XGWH, A+, 820m3/h, 40dB";"CATA   ";424.89;409
02130205;"Grupo filtrante Cata GCDUALAWH45 02130205";"CATA   ";341.98;329
02178005;"Campana Cata THALASSA 700XGWH, A+, 820m3/h, 40dB";"CATA   ";433.56;419
02178205;"Campana Cata THALASSA 700XGBK, A+, 820m3/h, 40dB";"CATA   ";411.88;399
0220970;"Fregadero Franke PAMIRAPMX654E, 1seno, cubet";"FRANKE ";279.00;249
07042306;"Horno Cata CPR8009X,";"CATA   ";372.57;359
0737600;"Grifo Franke PLANAR, monomando, caño bajo, cromo";"FRANKE ";119.00;199
07900000;"Lavadora Cata LI08012, 8kg, 1200rpm, A+++";"CATA   ";516.08;499
0796266040;"Olla Rapida WMF Perfect Pro 0796266040, Set co";"WMF    ";149.00;84
08060006;"Vitroceramica Cata TD302, 2 zonas, modular, s/marc";"CATA   ";159.00;144
08063010;"Vitroceramica Cata TDN603 08063010";"CATA   ";169.00;154
08068309;"Encimera Cata CI6021BK 3fuegos Cristalgas";"CATA   ";149.00;134
08073003;"Induccion Cata IB603BK, 3 zonas,";"CATA   ";269.00;249
10210065;"Vitroceramica induccion indep. Teka IR6030, 3fuego";"TEKA   ";299.00;259
10210171;"Induccion Teka IR3200, modular";"TEKA   ";289.00;309
103030;"PLANCHA ASAR PRINCESS 103030 TABLE GRILL PURE 2500";PRINCES;59.90;84
10761G;"Plancha Imetec 10761G BELLISSIMA REVOLUTION BHS1";"IMETEC ";59.90;104
1080047445;"Freidora Franke BISEL FHM301FRXSSP, encastre 2300w";"FRANKE ";490.53;479
1080151525;"Induccion Mepamsa IT530G, 3 zonas";MEPAMSA;446.19;429
1080194355;"Induccion Mepamsa 2ITMD630G, 3 zonas";MEPAMSA;309.00;279
108767;"Soporte Proyector Universal 108767";"HAMA   ";54.90;44
1100151025;"Campana Mepamsa STILO PRO TRONIC 1M 90I, 82";MEPAMSA;359.00;299
1100200333;"Campana Mepamsa STILO PRO TRONIC 1M 70 Inox";MEPAMSA;399.00;319
1100200335;"Campana Mepamsa STILO PRO TRONIC 1M 90 Inox";MEPAMSA;423.92;409
1100338489;"Campana Mepamsa STILO PLUS 90 INOX";MEPAMSA;199.00;184
1100368046;"Campana Mepamsa ECLIPSE 90 BLANCA 90cm 1motor Espe";MEPAMSA;384.33;369
1100383657;"Campana Mepamsa SILUETA 70 INOX";MEPAMSA;133.30;144
1100389179;"Campana Mepamsa DISPLAY GREEN POWER 90 NEGR";MEPAMSA;453.54;439
11119200;"Fregadero Teka CLASSIC MAX 1C1E Dcha, Inox";"TEKA   ";152.85;174
11138015;"Fregadero inox Teka FORLINEAR152C740, FREGADERO FO";"TEKA   ";351.57;339
1150044817;"Grifo Franke PRACTICMIX, monomando, caño alto, cro";"FRANKE ";49.90;24
12126019;"Fregadero Teka EXPRESSION 1C1E 86MAX, 1 seno, l";"TEKA   ";196.63;214
1220151763;"Fregadero Mepamsa STILO 40 40, 1 seno, bajo enm";MEPAMSA;52.90;69
1220151766;"Fregadero Mepamsa STILO 40 45, 1 seno, bajo enm";MEPAMSA;99.00;74
1250155670;"Fregadero Franke KBG11034GBL 1seno sintetico";"FRANKE ";272.25;289
1270033005;"Fregadero inox Franke DEX210PLUS, 1 seno, mueble 6";"FRANKE ";219.00;189
132411;"Soporte Hama Thomson 132411 doble Brazo 400x400";"HAMA   ";59.90;44
1439410;"Limpiador Karcher 1439410, SV7, 2200w, Vapor-Aspi";KARCHER;613.05;589
1950106BL;"FLEXO ELECTROBILSA LED 9W 6500K BLANCO";ELBILSA;39.90;29
201851;"EXPRIMIDOR PRINCESS 201851 MASTER JUICER 160W";PRINCES;63.90;74
23302201222;"Hervidora Princess 23302201222 Hervidora 1.7 L 240";PRINCES;38.90;49
239371200;"Grifo cocina Teka ARK937, monomando, caño alto, go";"TEKA   ";159.00;189
239391200;"Grifo Teka ARK939, monomando, caño alto, cromo";"TEKA   ";124.90;164
2409483RGB;"TIRA LED ELECTROBILSA IP44 30L/M TRANSF+INT+CONT+M";ELBILSA;57.90;44
249150200;"Grifo Teka VITA915CR, monomando, caño alto, cromo";"TEKA   ";61.90;89
24915R223;"Carro Compra PlayMarket GO TWO, gris";"PLAY   ";9.58;29
25003;"Campana Frecan Nitro 90 Blanca 25003, 2xR700GP";"FRECAN ";1164.69;1119
2517295;"Calentador Vaillant turboMAGplus, 14L, Estanco, Ga";VAILLAN;419.00;389
304542;"Calentador MAGPREMIUMES24/2GXI INT.NAT";VAILLAN;199.00;179
311478;"Blackberry 9320";"BLACKBERRY          ";58.50;0
311488;"Blackberry Curve 9220";"BLACKBERRY          ";44.50;0
312478;"Apple Iphone 6 16gb Silver";"APPLE               ";628.50;0
312630;"Vodafone Smart Prime 6 Black";"VODAFONE            ";68.50;0
312668;"Htc - One (M9)";"HTC                 ";314.50;0
312701;"Samsung Galaxy S6 64 Gb White";"SAMSUNG             ";484.49;0
312735;"Lg - G4";"LG                  ";298.50;0
312736;"Lg - G4 Gold";"LG                  ";298.50;0
312788;"Sony - Xperia Z5 Compact";"SONY                ";294.50;0
312790;"Samsung Galaxy S6 Edge+ 32gb Black";"SAMSUNG             ";439.40;0
312812;"Huawei - Y6 Black ";"HUAWEI              ";131.01;0
312813;"Huawei - Y5 Black ";"HUAWEI              ";130.50;0
312814;"Apple Iphone 6s 16gb Space Grey";"APPLE               ";628.50;0
312820;"Apple Iphone 6s 64gb Gold";"APPLE               ";538.50;0
312851;"Microsoft Lumia 550 Black";"MICROSOFT           ";144.50;0
312872;"Samsung - Galaxy J5 Gold   ";"SAMSUNG             ";178.50;0
312942;"Samsung Galaxy S7 Edge Gold 32gb";"SAMSUNG             ";487.91;0
312958;"Huawei P9 Grey Titanium";"HUAWEI              ";288.50;0
312964;"Lg X Screen Black";"LG                  ";199.40;0
312966;"Samsung A3 (2016)";"SAMSUNG             ";242.49;0
312968;"Samsung Galaxy J5 (2016) Black";"SAMSUNG             ";178.50;0
312984;"Sony Xperia X Black";"SONY                ";348.50;0
313017;"Sony Xperia E5 Black";"SONY                ";151.40;0
313030;"Samsung J5 2016 Gold";"SAMSUNG             ";178.50;0
313053;"Huawei Y5 Ii";"HUAWEI              ";130.50;0
313094;"Huawei Nova Plus Silver";"HUAWEI              ";288.50;0
313157;"Samsung Galaxy A3 2017 Black";"SAMSUNG             ";188.50;0
313161;"Samsung Galaxy A3 2017 Rose";"SAMSUNG             ";261.30;0
3150486087;"Campana Mepamsa SUPERLINE 60 INOX V2";MEPAMSA;169.96;159
3167TIROFORBUT;"Calentador Gas Cointra CL13B, 13L, Butano,";COINTRA;159.00;334
3200743;"Termo Ariston 3200743, PRO ECO EVO 100 V ES EU";ARISTON;179.00;164
32LJ610V;"TV Led LG 32LJ610V, 32 , Panel IPS FHD, Procesado""";"LG     ";299.00;314
3300486061;"Campana Mepamsa LUNA 70 BLANCA";MEPAMSA;269.53;289
3300486062;"Campana Mepamsa LUNA 70 NEGRA";MEPAMSA;299.00;279
3300486063;"Campana Mepamsa LUNA 90 BLANCA";MEPAMSA;284.50;299
3300486910;"Campana Mepamsa MURAL 70 NEGRA";MEPAMSA;555.77;539
3300486941;"Campana Mepamsa MURAL 90 NEGRA";MEPAMSA;555.77;539
3300486942;"Campana Mepamsa MURAL 70 BLANCA";MEPAMSA;547.65;529
3300486943;"Campana Mepamsa MURAL 90 BLANCA";MEPAMSA;563.88;549
33701829;"Horno Candy H53, Watch Touch Candy";"CANDY  ";1497.38;1439
339150200;"Grifo Teka IC915C, monomando, caño alto, cromo";"TEKA   ";229.00;204
355398;"Fregadero inox Franke MTX661D, 1 seno, cubeta auxi";"FRANKE ";359.00;279
3623241;"Aerotermia Ariston 3623241, NUOS EVO 110 WH";ARISTON;999.00;969
3623243;"Aerotermia Ariston 3623243, NUOS SPLIT 110 WH";ARISTON;999.00;969
3632190;"Calentador Ariston 3632190, FAST Evo ONT B 14 LPG";ARISTON;239.00;224
3632313;"Calentador Ariston 362313, FASTR11NAT, Electronico";ARISTON;169.00;149
3632314;"Calentador Ariston 362314, FASTR11BUT, Electronico";ARISTON;169.00;154
389952700;"Grifo Teka MZX CROMO, monomando, caño alto";"TEKA   ";160.00;204
39400269;"Escoba Hoover Athen EVO, AADA, 32,4V Litio 120min";"HOOVER ";189.90;179
3964;"Vinoteca Nodor V41B";"NODOR  ";688.34;669
3BC497GB;"Campana Balay 3BC497GB, cristal blanco, A, 90 cm,";"BALAY  ";693.18;669
3BC497GN;"Campana Balay 3BC497GN, cristal negro, A, 90cm, 73";"BALAY  ";693.18;669
3BC8690XM;"Campana Balay 3BC8690XM 90cm inox";"BALAY  ";553.67;539
3BI8128XMA;"Campana Balay 3BI8128XMA Isla 120cm Inox";"BALAY  ";893.43;859
3BI898XMA;"Campana Balay 3BI898XMA Isla 90cm Inox";"BALAY  ";753.98;729
3BT860X;"Campana Balay 3BT860X 60cm telescopica Inox";"BALAY  ";299.96;289
3EB785LQ;"Vitroceramica Balay 3EB785LQ, 5 zonas, 80cm, bisel";"BALAY  ";451.62;439
3EB969MU;"Induccion Balay 3EB969MU, 2 zonas, 60cm, biselada";"BALAY  ";607.80;589
3EE721LS;"Vitroceramica poliv. Balay 3EE721LS, 4fuegos, biso";"BALAY  ";209.00;184
3ETG676HB;"Encimera Balay 3ETG676HB 5fuegos 75cm Cristal";"BALAY  ";390.50;379
3FA4660X;"Frigorifico SbS Balay, 3FA4660X 177x91x72cm, A+";"BALAY  ";1049.00;1169
3HB458XCA;"Horno Balay 3HB458XCA,";"BALAY  ";466.16;449
3HB508XCT;"Horno Balay 3HB508XCT, Ralies, Aqualis, cristal gr";"BALAY  ";359.00;339
3HB558BCT;"Horno Balay 3HB558BCT, pirolítico, multifunción, 5";"BALAY  ";449.00;429
3HB559XCT;"Horno Balay 3HB559XCT, pirolítico, multifunción, 5";"BALAY  ";499.00;519
3HB570XC;"Horno Balay 3HB570XC, pirolítico, multifunción, 62";"BALAY  ";621.37;599
3HW441NC;"Horno Balay 3HW441NC, compacto, 45 cm";"BALAY  ";513.01;499
3KF6650MI;"Combi Balay 3KF6650MI, 186x60, A++, Inox Mate";"BALAY  ";529.00;509
3KF6675XE;"Combi Balay 3KF6675XE, 186x60, A++, Inox";"BALAY  ";659.25;639
3KF6676XE;"Combi Balay 3KF6676XE, 186x60, A+++, Inox";"BALAY  ";740.37;719
3KF6853MI;"Combi Balay 3KF6853MI, 203x60, A++, Inox Mate";"BALAY  ";579.00;609
3KF6855ME;"Combi Balay 3KF6855ME, 203x60, A++, Inox";"BALAY  ";659.25;639
3KF6862XI;"Combi Balay 3KF6862XI, 203x60, A++, Inox";"BALAY  ";619.00;649
3KF6876XE;"Combi Balay 3KF6876XE, 203x60, A+++, Inox";"BALAY  ";749.00;709
3KI7014F;"Combi Balay 3KI7014F, 177x56, A++, Integrable";"BALAY  ";879.00;849
3KI7148F;"Combi Balay 3KI7148F, 177x56, A++, Integrable";"BALAY  ";1062.47;1029
3KR7867P;"Combi Balay 3KR7867P, 200x60, A+, Inox";"BALAY  ";679.00;599
3KR7867XE;"Combi Balay 3KR7867XE, 203x60, A++, Inox";"BALAY  ";731.63;709
3NDA8360;"A.A. Multi-split 2x1 Daitsu ASD912U11IDN, 2000+300";"DAITSU ";1044.00;1019
3SA0018X;"Sarten Balay 3SA0018X, 18cm";"BALAY  ";25.90;14
3SA0021X;"Sarten Balay 3SA0021X, 21cm";"BALAY  ";29.90;19
3SB975B;"Secadora Balay 3SB975B 7k Bomba Calor A++";"BALAY  ";494.76;479
3SB988B;"Secadora Balay 3SB988B 8k Bomba Calor A++";"BALAY  ";649.00;589
3SC185B;"Secadora Balay 3SC185B 8k condensacion B";"BALAY  ";399.00;379
3SC873;"Secadora Balay 3SC873 7k condensacion B";"BALAY  ";379.00;354
3TI773BC;"Lavadora Balay 3TI773BC, 7kg, 1000rpm, A++, integr";"BALAY  ";499.00;479
3TS986XA;"Lavadora Balay 3TS986XA, 8kg, 1200rpm, A+++-30%, A";"BALAY  ";533.90;519
3TS999B;"Lavadora Balay 3TS999B, 9kg, 1200rpm, A+++-30%, Bl";"BALAY  ";491.12;479
3VS775BA;"Lavavajillas Balay 3VS775BA 14cubiertos Blanco A++";"BALAY  ";512.47;499
3WG459NIC;"Microondas Balay 3WG459NIC, 21L, 900w, grill simua";"BALAY  ";547.37;529
40120004;"Fregadero TEKA TRION60B CN SET";"TEKA   ";129.00;109
40120016;"Fregadero TEKA TRION45B";"TEKA   ";129.00;109
40214090;"Encimera Teka EFX90 4G 1H AI AL DR BUT";"TEKA   ";390.63;379
40468114;"Cristal decorativo Teka 40468114, para campana NDA";"TEKA   ";89.00;174
40480001;"Cristal decorativo Teka 40480001 campana CL90";"TEKA   ";119.00;249
40482610;"Campana Teka DU985 Cristal Ecopower";"TEKA   ";628.40;609
40483933;"Campana Teka DVT9857B, 90cm, Negra";"TEKA   ";395.29;364
40485150;"Campana Teka DG3 ISLA 985 40485150";"TEKA   ";543.49;529
40582221;"Microondas Teka MWS22EGLI, 22L, 850w, grill simula";"TEKA   ";389.00;234
40584100;"Microondas Teka MS622BISL";"TEKA   ";390.63;379
40584101;"Microondas Teka MS622BISR";"TEKA   ";399.12;389
40584102;"Microondas Teka MS622BI";"TEKA   ";318.44;409
40589510;"Cafetera encastre Teka CML45INOX, automatica, ino,";"TEKA   ";1149.00;919
40659940;"Frigorifico SbS Teka NFE900X, 182.5x92x76, NFR";"TEKA   ";1603.47;1549
40672002;"Combi Teka NFL327, 188x60, A+, NFR, Blanco";"TEKA   ";349.00;389
40672025;"Combi Teka NFL435e, 200x60, inox";"TEKA   ";679.35;659
40782073;"Lavavajillas Teka LPZ817, 12 cubiertos, A+/A, Blan";"TEKA   ";279.74;269
40782125;"Lavavajillas Teka DW857FI Integrable Inox 13cubier";"TEKA   ";449.00;374
40782365;"Lavavajillas Teka LP8820B Blanco 12cubiertos";"TEKA   ";352.41;339
40782501;"Lavavajillas Teka LP9 850, 14 cubiertos, 60cm, ino";"TEKA   ";454.32;439
40830210;"Lavadora Teka LI31470E, Integrable";"TEKA   ";530.75;499
40874301;"Lavadora Teka TKD1270B,";"TEKA   ";363.31;349
40874450;"Lavasecadora Teka TKD1610WD, 10/7k 1600rpm";"TEKA   ";710.77;689
40874451;"Lavadora Teka TKD1490B,";"TEKA   ";442.27;429
40875271;"Lavadora Teka TKX21050T, 5kg, 1000rpm A+";"TEKA   ";229.00;269
40VLX7730BP;"TV Led Grundig 40VLX7730BP, 40, 4K""";GRUNDIG;449.00;429
41566020;"Horno Teka HLB860PSS, multifunción";"TEKA   ";653.88;629
41566051;"Horno Teka HSB630PWH, pirolítico";"TEKA   ";423.55;409
41566805;"Horno Teka HSB637P, pirolítico";"TEKA   ";410.01;399
42080100;"Termo electrico Teka EWH100, 100L, blanco, 450x886";"TEKA   ";159.00;144
43LJ594V;"TV Led LG 43LJ594V, 43 , Panel FULL HD, Procesado""";"LG     ";399.00;429
48VLE4520BF;"TV Led Grundig 48VLE4520BF, TV DLED 48 marco ext.""";GRUNDIG;399.00;419
510GG433ZPNQXV;"COCINA AMICA 510GG433ZPNQXV";"AMICA  ";310.02;299
520659;"Fregadero Blanco Subline 500-U Gris Perla 520659";"BLANCO ";290.54;279
55SJ810V;"TV Led LG 55SJ810V, 55 , Nanocells Display, Panel""";"LG     ";1229.00;1299
55UF7707;"Tv Led Lg 55UF7707, ULTRA HD 4K Panel IPS LED";"LG     ";799.00;1329
55UJ620V;"TV Led LG 55UJ620V, 55 , Panel IPS UHD 4K""";"LG     ";699.00;719
5KSM150PSEER;"ROBOT ARTISAN ROJO Kitchenaid 5KSM150 PS EER";KITCHEN;539.93;519
61444060;"Panel LED Energetic 61444060, 40W, 4000K";ENERGET;57.50;39
65UJ634V;"TV Led LG 65UJ634V, 65 , Panel IPS UHD 4K, HDR10,""";"LG     ";1180.31;1139
65UJ670V;"TV Led LG 65UJ670V, 65 , Panel IPS UHD 4K, HDR10,""";"LG     ";1599.00;1519
69355;"Envasadora Vacio LACOR 69355 vertical 110w";"LACOR  ";97.90;79
7569XP+EXF;"Depiladora Braun 7569 + Exfoliadora facial";"BRAUN  ";109.00;124
77043080;"Dowlights LED Energetic 77043080, 30W, 5500K";ENERGET;60.90;44
7970;"Campana Nodor MIRAGE 90BK, 790m3/h, 103.";"NODOR  ";279.06;269
902153;"Cortapelos Taurus MITHOSPLUS, a red, 6 posicios";"TAURUS ";19.90;49
9040SERIE9;"Afeitadora Braun 9040 SERIE 9";"BRAUN  ";199.00;219
9072200;"Clasificador basuras Franke 700K60, 4 contenedores";"FRANKE ";139.00;164
918685;"Centro Planchado TAURUS 918685 Sensity Compact Non";"TAURUS ";79.90;64
9292086;"Colchon Flex Lyon 9292086, 150x190";"FLEX   ";599.00;359
9561S;"Depiladora Braun 9561S, Silk Epil 9";"BRAUN  ";129.90;119
984073000;"Cafetera Aluminio (Menaje) TAURUS 984073000 12T";"TAURUS ";10.41;24
999319000;"Cafetera MINIMOKA CM1821 Bomba 15 bars 999319000";MINIMOK;97.90;84
A0021STYLE20;"Maquina Coser Alfa Style20 A002100000 Domestica";"ALFA   ";125.90;139
A870700000;"Remalladora ALFA A870700000,";"ALFA   ";359.00;269
AC10;"CAMARA ASPECT AC10";"AIRIS  ";29.00;0
ACM334BF;"Inducción Whirlpool ACM334BF, 3F, 30cm, Booster";WHIRLPO;339.00;299
ACY100UIALM;"A.A. Conducto Fujitsu ACY100UIALM, frio 8084Kcal,";FUJITSU;2949.00;2469
ADEQS71C;"A.A. Conductos Daikin ADEQS71C, 6.000 Frig, Invert";"DAIKIN ";1599.00;1549
ADG301;"Lavavajillas Whirlpool ADG301, 45cm, 9 servicios";WHIRLPO;412.91;399
ADG7200;"Lavavajillas Whirlpool ADG7200";WHIRLPO;499.00;409
AKR037GBL;"Campana Whirlpool AKR037GBL, vertical cristal negr";WHIRLPO;330.90;319
AKZ7960IX;"Horno Whirlpool AKZ7960IX, Pirolitico, 65L, A+";WHIRLPO;379.64;369
AQ114D69DEUA;"Lavadora Hotpoint AQ114D69DEUA, 11kg, 1600rpm";HOTPOIN;533.00;519
ART9811ASF;"Combi Whirlpool ART9811ASF, 193x54, A++, Integrabl";WHIRLPO;659.00;629
ASD18UIDA;"A.A. Split pared Daitsu ASD18UIDA, 4536 frig.,";"DAITSU ";714.00;739
ASD9UIBG;"A.A. Split pared Daitsu ASD9UIBG, 2236 frig., Inv";"DAITSU ";414.00;379
AST09UW4SVETG10;"A.A.Split HISENSE AST09UW4SVETG10 2236FRIG.INVERT";HISENSE;384.00;339
ASY35UILLCCN;"A.A. Split Fujitsu ASY35UILLCCN, 3000 Frig";FUJITSU;534.00;519
ASY50UILF;"A.A. Split Fujitsu ASY50UILF 4500 Frig.";FUJITSU;1164.00;1109
AWE2240;"Lavadora Whirlpool AWE2240, 6kg, 1000rpm SUPERIOR";WHIRLBA;279.00;264
AXP35L;"A.A. Split Daikin AXP35L, 3010frig., A++, R32";"DAIKIN ";729.00;699
BASE135190;"Base Tapizada Decodescanso BASE135190, 135x190";DECODES;79.00;64
BBH52550;"Aspirador Escoba BOSCH BBH52550 Aspirador sin cabl";BOSCHPA;179.00;214
BC1851W;"Combi Benavent BC1851W, 185x60, A+, Blanco";BENAVEN;429.00;279
BCH101;"Congelador H. Benavent BCH101, A+, 102L, 85x57x52";BENAVEN;429.00;149
BCH151;"Congelador H. Benavent BCH151, A+, 152L, 85x75x52";BENAVEN;429.00;154
BCH201;"Congelador H. Benavent BCH201, A+, 212L, 85x95x52";BENAVEN;429.00;174
BCH301;"Congelador H. Benavent BCH301, A+, 302L, 85x111x60";BENAVEN;429.00;229
BCHA275E3S;"Combi Beko BCHA275E3S, 177,80x54x54,50cm, Integrab";"BEKO   ";464.92;449
BCV185W;"Congelador V. Benavent BCV185W, 185x60, A+";BENAVEN;452.24;439
BE3013021M;"Horno AEG BE3013021M, multifunción";"AEG    ";299.00;274
BE634RGS1;"Microondas Siemens BE634RGS1 21L integrable s/marc";SIEMENS;569.00;679
BEC188WE;"Combi Benavent BEC188WE, 188x60, A+, Blanco";BENAVEN;310.06;299
BEC200WE;"Combi Benavent BEC200WE, 200x60, A+, Blanco";BENAVEN;429.00;389
BF2P160W;"Frigorifico 2P Benavent BF2P160W, 160x54cm, A+";BENAVEN;239.00;199
BF2P171W;"Frigorifico 2P Benavent BF2P171W, 171x59,5cm, A+";BENAVEN;289.00;249
BFC504YNX;"Combi Brandt BFC504YNX, A++, Inox, 201x59,5x68,3";"BRANDT ";626.46;609
BFC582LNX;"Combi Brandt BFC582LNX, A+, Inox, 185x59,5x68,3";"BRANDT ";460.39;449
BFC584YNX;"Combi Brandt BFC584YNX, A++, Inox, 185x59,5x68,3";"BRANDT ";534.20;519
BFD672MBW;"Frigorifico 2P Brandt BFD672MBW, 170x60x60, A+";"BRANDT ";310.06;299
BFK747YSW;"Congelador Horiz. Brandt BFK747YSW 845x1120x700";"BRANDT ";289.00;269
BFL584YNX;"Frigorifico 1P Brandt BFL584YNX, 185x59,5x66,2";"BRANDT ";644.91;629
BFL634GW1;"Microondas Bosch BFL634GW1 Blanco Integrable";"BOSCH  ";579.00;659
BFU584YNX;"Congelador V. Brandt BFU584YNX, 185x59,5x66";"BRANDT ";644.91;629
BIM25400XPS;"Horno Beko BIM25400XPS, pirolítico, display";"BEKO   ";392.83;379
BLP900BK;"Batidoras Vaso KENWOOD BLP900BK BLEND-X PRO 2L cap";KENWOPA;369.08;359
BPE531120M;"Horno AEG BPE531120M, Pirolítico 2,  Multif. 10, M";"AEG    ";472.19;459
BPS331120M;"Horno AEG BPS331120M, Pirolítico 2";"AEG    ";430.70;419
BPS33112DM;"Horno AEG BPS33112DM, Pirolitico, A+, rail telesco";"AEG    ";419.00;389
BSE572321M;"Horno AEG BSE572321M, Multif. 9 (1 Vapor), SondaT.";"AEG    ";605.33;589
BSE782320B;"Horno AEG BSE782320B, Multif. 20 (3 Vapor), SondaT";"AEG    ";869.26;839
BSE892330M;"Horno AEG BSE892330M, Multif. 24 (4 Vapor),";"AEG    ";1138.14;1099
BSNF9123OX;"Combi Whirlpool BSNF9123OX, 201x60, A+++, NFR, Ino";WHIRLPO;756.60;729
BT552BP;"Lavadora Brandt BT552BP, 5,5kg, 1200rpm, A+++";"BRANDT ";339.00;309
BT653MP;"Lavadora Brandt BT653MP, 6,5kg, 1300rpm, A+++";"BRANDT ";379.00;359
BWM1410DPH7R;"Lavadora Candy BWM1410DPH7R";"CANDY  ";584.13;569
BWM148PH71;"Lavadora Candy BWM148PH71 8k, 1400 rpm A+++";"CANDY  ";449.06;439
C09AWR;"A.A. Split pared Art Cool Lg C09AWR,";"LGAA   ";484.00;919
C316A+INOX;"Combi Rommer C316, 170x55, A+, Inox";"ROMMER ";341.69;329
CC4GN50X;"Cocina Corbero CC4GN50X, 4 fuegos, Inox, Nat";CORBERO;199.00;139
CC510GB90W;"Cocina Corbero CC510GB90W, 5 fuegos, horno, 90cm,";CORBERO;347.88;329
CCBS5172W;"Combi Candy CCBS5172W, 177x55, A+, Blanco";"CANDY  ";382.34;369
CCDT6000X;"Campana Corbero CCDT6000X, 60cm, Inox, Recta";CORBERO;119.00;104
CCDT9000X;"Campana Corbero CCDT9000X, 90cm, Inox, Recta";CORBERO;139.00;119
CCE161X;"Campana Candy CCE161X, 370m3/h, 60cm, x";"CANDY  ";109.00;89
CCH103E;"Congelador H. Corbero CCH103E, 100L, A+";CORBERO;179.00;164
CCH153E;"Congelador H. Corbero CCH153E, 150L, A+";CORBERO;219.00;184
CCH203E;"Congelador H. Corbero CCH203E, 203L, A+";CORBERO;219.00;204
CCH403E;"Congelador H. Corbero CHH403E, 412L, A+";CORBERO;370.56;359
CCH550MX;"Horno Corbero CCH550MX, 5 funciones, Inox, A";CORBERO;199.00;184
CCPN6184IX;"Combi Candy CCPN6184IX, 185x60x60, A++, Inox Ant";"CANDY  ";539.06;519
CCV1856NFX;"Congelador V. Corbero CCV1856NFX, 185x60, A+, Inox";CORBERO;506.69;489
CCV3HL60;"Vitroceramica Corbero CCV3HL60, 3f, 5700w";CORBERO;189.00;154
CCV3IN60;"Inducción Corbero CCV3IN60, 3f, 7100w";CORBERO;269.00;244
CCV852W;"Congelador V. Corbero CCV852W, 84X48X50, A+, Bl";CORBERO;179.00;159
CDI1L949;"Lavavajillas Candy CDI1L949 Integr.45cm";"CANDY  ";359.31;349
CDP2DS62W;"Lavavajillas Candy CDP2DS62W, 16 cubiertos, A++";"CANDY  ";369.05;359
CDP2DS62X;"Lavavajillas Candy CDP2DS62X, 16 cubiertos, A++";"CANDY  ";409.71;399
CE7151;"Cafetera Espresso UFESA CE7151 Cafetera expresso 1";"UFESA  ";79.90;104
CF1711W;"Frigorifico 2P Corbero CF1711W, 171x60, A+";CORBERO;319.00;289
CF1F85W;"Frigorifico 1P Corbero CF1F85W, 84x48, A+";CORBERO;149.00;129
CF2P145W;"Frigorifico 2P Corbero CF2P145W, 144x54, A+";CORBERO;219.00;194
CF2P1607W;"Frigorifico 2P Corbero CF2P1607W, 160x55, A+";CORBERO;239.00;219
CF4P483EX;"Frigorifico SbS Corbero CF4P483EX, A++, Inox, 4 pu";CORBERO;718.44;699
CF4P544EX;"Frigorifico SbS Corbero CF4P544EX, A+, Inox, 4 pue";CORBERO;749.00;659
CFM20501E;"Combi Candy CFM20501E, 143x50, A+, Blanco";"CANDY  ";310.06;299
CH524INOXBUT;"Cocina Rommer CH524, Inox, 4F, Butano";"ROMMER ";259.00;244
CH630C;"Vitroceramica Candy CH630C, 3 zonas,";"CANDY  ";179.00;139
CLA2180W;"Lavadora Corbero CLA2180W, 8kg, 1000rpm, A++";CORBERO;259.00;274
CLV301X;"Lavavajillas Corbero CLV301X, 45cm, A+, inox";CORBERO;279.00;259
CM24SET;"A.A. Conducto LG CM24SET, 6106 Frig., A/A, CM24N14";"LGAA   ";1589.99;1529
CMG676BS1;"Horno Bosch CMG676BS1, pirolítico, multifunción";"BOSCH  ";1190.00;1269
CMTSBT20CEL;"Equipo Hifi Sony CMTSBT20CEL Sistema de audio de 1";"SONY   ";109.00;124
CMTX3CDBCEL;"Equipo Hifi Sony CMTX3CDBCEL, 20W, BT, NFC, Negro";"SONY   ";134.90;159
CMTX3CDRCEL;"Equipo Hifi Sony CMTX3CDRCEL, 20W, Bluetooth,vert";"SONY   ";134.90;159
CMTX3CDWCEL;"Equipo Hifi Sony CMTX3CDWCEL, Blanco, 20W, Bluetoo";"SONY   ";134.90;159
CNP330;"Combi Liebherr CNP330, 186x60, A+++, Blanco";LIEBHER;642.63;619
CNPEL370;"Combi Liebherr CNPEL370, 201x60, A+++, Look Inox";LIEBHER;779.00;759
COB10B;"Calentador Gas COINTRA COB10B, 10L, Butano, Electr";COINTRA;179.00;149
COMPACT24ESET;"A.A. Conducto LG COMPACT24ESET 5848/6450Kcal";"LGAA   ";1432.61;1379
CONFORT09SET;"A.A. Split LG CONFORT09SET 2156/2752Kcal";"LGAA   ";474.00;459
CONFORT12SET;"A.A. Split LG CONFORT12SET 3010/3440Kcal";"LGAA   ";494.00;479
CONFORT18SET;"A.A. Split LG CONFORT18SET 4472/5418Kcal";"LGAA   ";954.00;929
CONFORT24SET;"A.A. Split LG CONFORT24SET 6046/7258Kcal";"LGAA   ";1369.02;1319
CP816;"Centro Planchado JATA CP816 Centro de planchado Ca";"JATA   ";119.00;99
CPCG603W;"Encimera Corbero CPCG603W, 3f, cristalgas blanca,";CORBERO;139.00;124
CPCG610N;"Encimera Corbero CPCG610N, 4f, cristalgas negra, B";CORBERO;125.00;114
CPG410X;"Encimera Corbero CPG410X, 4 fuegos, inox, But";CORBERO;99.00;74
CS636GBS1;"Horno Siemens CS636GBS1, multifunción, compacto";SIEMENS;990.00;1189
CSBC910W;"Secadora Corbero CSB910W, 8kg, Condensación, A++";CORBERO;461.31;449
CSCE800;"Secadora Corbero CSCE800, 8Kg, Condensación, B";CORBERO;320.65;309
CTM50;"Termo Electrico Corbero CTM50, 50L,";CORBERO;109.00;94
CTM80;"Termo Electrico Corbero CTM80, 80L, 1500W,";CORBERO;129.00;114
CV024KT;"Vinoteca Cavanova CV024KT, 24 botellas";CAVANOV;739.75;719
CV046DT;"Vinoteca Cavanova CV046DT, 39 botellas";CAVANOV;813.86;789
CV07K;"Vinoteca Cavanova CV07K, 7 botellas, encastrable";CAVANOV;360.01;349
CV14A+;"Congelador V. Rommer CV14, A+, 85x54x58";"ROMMER ";219.00;194
CVH51;"Cocina Rommer CVH51, 3 zonas Vitroceramica 85x50x";"ROMMER ";349.00;334
CX91M2;"Cocina Smeg CX91M2, 5 fuegos; C/Horno";"SMEG   ";1091.35;1049
DAF60ZF;"Altavoz Bluetooth Samsung DAF60ZF, Potencia 20W -";SAMSUNG;99.00;149
DCD018;"A.A. Conductos Johnson DCD018, 4600 Frig., A++/A++";JOHNSON;999.00;919
DFN05210W;"Lavavajillas Beko DFN05210W, 60cm, 12 cubiertos A+";"BEKO   ";249.00;229
DG8531F0;"CENTRO PLANCHADO ROWENTA DG8531F0 PERFECT STEAM EX";ROWENTA;199.00;184
DG8580F0;"CENTRO PLANCHADO ROWENTA DG8580F0 PERFECT STEAM EX";ROWENTA;199.00;239
DH1235;"Deshumidificador Orbegozo DH1235";ORBEGOZ;169.00;154
DH9433RX0;"Secadora Beko DH9433RX0, 9kg, A++";"BEKO   ";475.55;459
DID018;"A.A. Conductos Johnson DID018, 4600 Frig., A++/A++";JOHNSON;999.00;919
DIN26421;"Lavavajillas Beko DIN26421, 14 cubiertos, 60cm";"BEKO   ";340.54;329
DISPLAYPRO900;"CUIDADO DENTAL BRAUN ORAL-B DISPLAYPRO900";"BRAUN  ";360.57;349
DK2000C;"Placa Electrica JATA DK2000C ACUMULADOR DE SILICIO";"JATA   ";405.35;394
DK2000P;"Placa Electrica JATA DK2000P ACUMULADOR DE SILICIO";"JATA   ";360.70;349
DK500P;"Toallero Electrico JATA DK500P TOALLERO “DUAL-KHER";"JATA   ";299.48;289
DMCTZ30EGK;"Camara foto Panasonic DMCTZ30EGK, 20X 24mm 14";PANASON;249.00;299
DP800GBP;"PICADORA MOULINEX DP800GBP 123 XXL";MOULINE;62.90;79
DS990;"Dispositivo Seguridad Jata DS990";"JATA   ";67.90;54
DSA25012;"Frigorifico 2P Beko DSA25012, 145,8x54cm, A+";"BEKO   ";249.00;214
DSC5000;"Patinete electrico Denver DSC5000MK2";"DENVER ";269.00;254
DSCHX350;"Camara Sony DSCHX350, 20,4 MP, Motor BIONZ";"SONY   ";329.00;429
DV80M5010IWEC;"Secadora Samsung DV80M5010IWEC, 8kg, Bomba Calor,";SAMSUGB;591.51;569
DV80M5010QWEC;"Secadora Samsung DV80M5010QWEC, 8Kg, A++, Bomba Ca";SAMSUGB;640.89;619
DV80M6210CWEC;"Secadora Samsung DV80M6210CWEC, 8kg, Bomba Calor,";SAMSUGB;759.05;729
DV90M6200CWEC;"Secadora Samsung DV90M6200CWEC, 9Kg, A+++, Bomba C";SAMSUGB;854.05;829
DW60M6040FWEC;"Lavavajillas Samsung DW60M6040FWEC, 13 cubiertos,";SAMSUGB;423.64;409
DW60M6050FSEC;"Lavavajillas Samsung DW60M6050FSEC, 14 cubiertos,";SAMSUGB;542.14;529
DW60M6050FWEC;"Lavavajillas Samsung DW60M6050FWEC, 14 cubiertos,";SAMSUGB;492.76;479
DW60M9550FSEC;"Lavavajillas Samsung DW60M9550FSEC, 14 cubiertos,";SAMSUGB;949.05;919
DW9240D1;"PLANCHA ROPA ROWENTA DW9240D1 STEAM FORCE 3100 W M";ROWENTA;99.00;119
DWK098G21;"Campana Bosch DWK098G21 90cm Cristal Blanco Inclin";"BOSCH  ";588.45;569
DWK09G660;"Campana Bosch DWK09G660, inox cristal negro, 90cm";"BOSCH  ";499.00;459
DWK98JQ60;"Campana Bosch DWK98JQ60, 90cm, cristal negro,";"BOSCH  ";679.00;699
DWW093650;"Campana Bosch DWW093650 90cm Inox 1motor";"BOSCH  ";393.25;379
DXA58AH137;"Lavadora Hoover DXA58AH137, 8kg, 1500rpm A+++";"HOOVER ";399.00;319
DXOC573137;"Lavadora Hoover DXOC573137, 7kg, 1500rpm, A+++";"HOOVER ";299.00;279
E43LJ500V;"TV LED LG E43LJ500V, 43 , Panel FULL HD""";"I.LG   ";349.00;334
EA82FB10;"CAFETERA SUPERAUTOMATICA KRUPS EA82FB10 ESPRESSERI";"KRUPS  ";628.99;609
EA82FD10;"CAFETERA SUPERAUTOMATICA KRUPS EA82FD10 LATTESPRES";"KRUPS  ";744.18;719
EC680R;"Cafetera Expresso Delonghi EC680R, compacta (15cm";DELONGH;199.00;154
EC685M;"Cafetera Espresso DELONGHI EC685M NEW Cafetera mas";DELONGH;199.00;224
ECAM23120B;"Cafetera Delonghi ECAM23120B Superautomatica Magni";DELONGH;423.29;409
EDG635W;"Cafetera Multi-bebidas DELONGHI EDG635W STELIA Flo";DELONGH;131.90;154
EDH3684PDE;"Secadora Electrolux EDH3684PDE 8k condensacion";ELECTRO;479.00;499
EDPA745A1ECOEU;"Secadora Indesit EDPA745A1ECOEU, 7Kg, A+, Bomba de";INDESIT;374.80;354
EDPE945A2;"Secadora Indesit EDPE945A2, 9Kg, A++, condensación";INDESIT;421.65;409
EGOG25DCS;"Microondas Candy EGOG25DCW";"CANDY  ";139.00;114
EH631BL18E;"Inducción Siemens EH631BL18E, 3 zonas, bisel delan";SIEMENS;339.00;324
EH651FJB2E;"Inducción Siemens EH651FJB2E, 3 zonas, negro, bise";SIEMENS;464.00;449
EH779FDC1E;"Inducción Siemens EH779FDC1E, 3 zonas, 70cm";SIEMENS;659.00;799
EHS8881O;"Vitroceramica Electrolux EHS8881O 4zonas 74cm";ELECTRO;199.00;259
EP6A6CB20;"Encimera Gas Siemens EP6A6CB20, 3 quemadores, Cris";SIEMENS;314.84;289
EPE01A;"Estufa Pallets Haverland EPE01A, 11000 watios";HAVERLA;1334.75;1289
ERT1502FOW3;"Frigorifico 1P Electrolux ERF1502FOW3, 85x55 A++";ELECTRO;344.40;334
ESF5531LOX;"Lavavajillas Electrolux ESF5531LOX";ELECTRO;536.20;519
ESF5535LOX;"Lavavajillas Electrolux ESF5535LOX";ELECTRO;469.00;489
ET631BK17E;"Vitroceramica Siemens ET631BK17E 3zonas bisel fron";SIEMENS;219.00;249
ETWD61252WES;"Lavadora Indesit ETWD61252WES, 6kg, 1000rpm";INDESIT;289.00;254
EU631BJB2E;"Inducción Siemens EU631BJB2E, 3 zonas, negro, bise";SIEMENS;384.93;374
EUF2748AOX;"Frigorifico 1Puerta Electrolux EUF2748AOX";ELECTRO;826.57;799
EUNI;"Patín Electrico Depretoch Xiaomi EUNI QICYLE";DEPROTE;514.25;499
EW200;"WOK KENWOOD EW200";KENWOPA;36.90;79
EW8H2966IR;"Secadora Electrolux EW8H2966IR, 9kg, A++, condens";ELECTRO;660.21;639
EW8H4851IB;"Secadora Electrolux EW8H4851IB, 8kg, A++, condensa";ELECTRO;560.47;539
EWF1284EOW;"Lavadora Electrolux EWF1284EOW,";ELECTRO;340.31;329
EWT1264IKW;"Lavadora Electrolux EWT1264IKW,";ELECTRO;371.94;359
EWX127410W;"Lavasecadora Electrolux EWX127410W, 1200rpm, 6kg C";ELECTRO;880.94;849
F241A+;"Frigorifico 2P Rommer F241A+, 136,5x50x58";"ROMMER ";249.00;214
F2J5WN3W;"Lavadora LG F2J5WN3W, 1200rpm 6kg A+++";"LGGB   ";341.16;329
F4J5QN7S;"Lavadora LG F4J5QN7S, 7kg, 1400rpm, A+++, Inox";"LGGB   ";497.43;479
F4J6TG1W;"Lavasecadora LG F4J6TG1W, 8kg/5kg, 1400rpm,";"LGGB   ";549.00;529
F4J6VN0W;"Lavadora LG F4J6VN0W, 9kg, 1400rpm, A+++-30%,";"LGGB   ";489.00;429
F4J8FH2S;"Lavasecadora LG F4J8FH2S, 9/6 Inox";"LGGB   ";966.02;929
FA100AP;"Frigorifico 1P Smeg FA100AP, 91L, 83.8x48x56";"SMEG   ";179.00;144
FAB28RR1;"Frigorifico 1P Smeg FAB28RR1, 248L, 151x60x5a";"SMEG   ";1136.33;1099
FC702801;"Robot Vapor Philips FC702801, Limpiador a vapor, s";PHILIPA;119.00;89
FCPK606X;"Horno Candy FCPK606X, pirolítico, 65 L, A";"CANDY  ";279.81;269
FCS100N;"Horno Candy FCS100N, 65L";"CANDY  ";259.00;144
FD232A+;"Frigorifico 2P Rommer FD232A+, 129X48X50";"ROMMER ";239.00;204
FD268AP2;"Frigorifico 2P Smeg FD268AP2, 160x54cm, col";"SMEG   ";269.00;254
FDI92;"A.A. Split pared Orbegozo FDI92, 2250Frig. Inverte";ORBEGOZ;414.00;359
FFB62700PM;"Lavavajillas AEG FFB62700PM, A++, 15 I.E.C, 3ª ban";"AEG    ";601.98;579
FFB63700PM;"Lavavajillas AEG FFB63700PM, A+++, 15 I.E.C, 3ª ba";"AEG    ";683.51;659
FINE22688;"Campana decorativa Frecan FINE22688, 90cm, 800m3h";"FRECAN ";369.00;299
FL150A+;"Frigorifico 1P Rommer FL150, 144x55, A+";"ROMMER ";269.00;244
FL222A+;"Frigorifico 1P Rommer FL222A+, 125X55X58, C/CONG";"ROMMER ";219.00;204
FP1364X;"Horno Brandt FP1364X, pirolítico, A, Inox, 60L";"BRANDT ";289.00;249
FSE83800P;"Lavavajillas AEG FSE83800P, 13 cubiertos, A+++";"AEG    ";1068.54;1029
FT136A+;"Frigorifico 1P Rommer FT136A+, 85X54X58";"ROMMER ";189.00;174
FT403D4AW1;"Congelador H. Hisense FT403D4AW1, 1125x67, A+";HISENSE;289.00;274
FV341N4BC2;"Congelador V. Hisense FV341N4BC2, 186x60, NFR, A++";HISENSE;492.64;479
FWG81284WEU;"Lavadora Whirlpool FWG81284WEU , 8kg, 1200rpm";WHIRLPO;349.39;339
FXMH629NX;"Horno Candy FXMH629NX,";"CANDY  ";500.34;489
G3CNPDES3500;"Garantia3 Casa Nueva 3 Electrod. Tope max.1000€";"BCWM   ";87.00;74
GBP20DSQFS;"Combi LG GBP20DSQFS  201x60, A+++, Inox, display";"LGGB   ";716.85;689
GCV580NCS;"Secadora Candy GCV580NCS, 8kg";"CANDY  ";289.00;234
GDS0920;"Radiocassette Grundig RRCD3720DECM, MARRON";GRUNDIG;109.00;94
GETTOGETHER;"Altavoz Bluetooth Marley Get Together MidNight";"MARLEY ";124.90;109
GI21VAF30;"Congelador Siemens GI21VAF30, A++, Integrable, 88x";SIEMENS;597.09;579
GM15121DX;"Cocina Beko GM15121DX, 90cm, 5 fuegos, inox";"BEKO   ";649.74;629
GMM916NSHV;"Frigorifico SbS LG GMM916NSHV, 179x91,2x71,2cm";"LGGB   ";2417.41;2329
GNE60521X;"Frigorifico SbS Beko GNE60521X 181,7x84, No Frost";"BEKO   ";929.00;989
GPEZS71VJAC31;"A.A. Mitsubishi, GPEZS71VJAC31 , 6.106 Frig., Inv";MITSUBE;1799.00;1509
GS36NAI31;"Congelador V. Siemens GS36NAI31, 186x60x60";SIEMENS;839.00;909
GS36NAW31;"Congelador vertical Siemens GS36NAW31, 186x60x65c";SIEMENS;790.00;959
GSF138TWC3;"Lavadora Candy GSF138TWC3, 8kg, 1300rpm";"CANDY  ";549.00;309
GSN36AW31;"Congelador V. Bosch GSN36AW31, 186x60";"BOSCH  ";675.48;649
GVS158TWC3;"Lavadora Candy GVS158TWC3, 8kg, 1500rpm, A+++";"CANDY  ";340.31;329
H65M7000;"Tv Led Hisense H65M7000 65 4K Smart TV Wifi""";HISENSE;1290.00;1279
H65N5750;"TV LED Hisense H65N5750, 65, 4K, Smart TV Wifi,""";HISENSE;1079.00;1059
HB42AR555E;"Horno Siemens HB42AR555E,";SIEMENS;329.00;349
HB74AR521E;"Horno Siemens HB74AR521E, pirolítico, multifunción";SIEMENS;399.00;419
HB74AS555E;"Horno Siemens HB74AS555E, pirolítico, multifunción";SIEMENS;449.00;479
HB891;"Batidora amasadora Kenwood HB891, DISEÑO KMIX. 700";KENWOPA;139.90;114
HBA43S320E;"Horno Bosch HBA43S320E, multifunción";"BOSCH  ";423.89;409
HBA74S360E;"Horno Bosch HBA74S360E, pirolítico, multifunción";"BOSCH  ";553.29;539
HCB91731BX;"Campana Beko HCB91731BX, 90cm, 300m3h";"BEKO   ";252.56;149
HD4418;"Plancha asar Philips HD441820 2300w";PHILIPA;59.90;84
HF15G564;"Microondas Siemens HF15G564, Electrónico, 20L, 38";SIEMENS;259.00;274
HF800A13;"ROBOT COCINA MOULINEX HF800A13 CUISINE COMPANION 6";MOULINE;699.00;719
HII63400AT;"Induccion Beko HII63400T, 3 zonas, 60cm";"BEKO   ";279.00;264
HIZG64101SX;"Encimera Beko HIZG64101SX, 4 fuegos  Inox  60cm";"BEKO   ";79.90;69
HK633222FB;"Induccion AEG HK633222FB, 3fuegos, digital, bisela";"AEG    ";399.00;379
HK956970FB;"Induccion AEG HK956970FB, 6 zonas, 90cm, biselada";"AEG    ";877.25;849
HKL65310FB;"Induccion AEG HKL65310FB, 3 zonas, 60cm, biselada";"AEG    ";434.00;499
HMT72G650;"Microondas Bosch HMT72G650, 18L, 800w, grill, inoe";"BOSCH  ";199.00;179
HN678G4S6;"Horno +Microondas  SIEMENS HN678G4S6";SIEMENS;1799.00;2139
HSCX10433;"Secadora Whirlpool HSCX10433 10k A++ Puerta Negra";WHIRLPO;841.40;809
HSCX80424;"Secadora Whirlpool HSCX80424, 8k, A++, Puerta Crom";WHIRLPO;563.94;549
IDCEG45BHEU;"Secadora Indesit IDCEG45BHEU 8k condensacion";INDESIT;311.12;294
IDV75EU;"Secadora Indesit IDV75EU, evacuacion, 7k C";INDESIT;239.00;214
IFTR20A;"RECEPTOR DE INFRAROJOS   IFTR20A";"SONY   ";63.00;44
ILCE5000LBCEC;"Camara Sony ILCE5000LBCEC Cámara ILCE-5000 con sen";"SONY   ";536.26;519
IS5043WH;"Centro Planchado BRAUN IS5043WH Centro de planchad";"BRAUNH ";239.90;229
JMP800SI;"Licuadora KENWOOD JMP800SI PURE JUICE PRO 150W; 48";KENWOPA;369.08;359
KA90DVI30;"Frigorifico SbS Siemens KA90DVI30, 177x91x72cm";SIEMENS;1990.00;2369
KA92NVI25;"Frigorifico SbS Siemens KA92NVI25, 177,6x91x72,5cm";SIEMENS;1352.43;1299
KAG90AW204;"Frigorífico SbS Bosch KAG90AW204, A+, 177x91x72,";"BOSCH  ";1290.00;1259
KAN90VI30;"Frigorifico SbS Bosch KAN90VI30, 177x91x72, NFR";"BOSCH  ";1499.00;1469
KD43XE8096BAEP;"TV LED Sony KD43XE8096BAEP, 43 4KHDR, Edge LED, X""";"SONY   ";829.00;889
KD49XD7005BAEP;"TV  Led SONY KD49XD7005B ANDROID TV 4KUltraHD MOTI";"SONY   ";799.00;819
KD49XE7096BAEP;"TV LED Sony KD49XE7096BAEP, 49 4KHDR, X-Reality P""";"SONY   ";629.00;669
KD55XD7005BAEP;"TV  Led SONY KD55XD7005B ANDROID TV 4KUltraHD MOTI";"SONY   ";949.00;969
KDL32WE610BAEP;"TV LED Sony KDL32WE610BAEP, 32 HD Ready, HDR, Edg""";"SONY   ";359.00;399
KDL43W808CBAEP;"TV Led Sony KDL43W808CBAEP, ANDROID TV Full HD M";"SONY   ";629.00;699
KDL43WE750BAEP;"TV LED Sony KDL43WE750BAEP, 43 Full HD, HDR, Edge""";"SONY   ";499.00;529
KDL49WE750BAEP;"TV LED Sony KDL49WE750BAEP, 49 Full HD, HDR, Edge""";"SONY   ";599.00;619
KF18WA41IE;"Vinoteca Siemens KF18WA41IE, 87x54x54, Integrable";SIEMENS;1199.00;879
KG36NAI3P;"Combi Siemens KG36NAI3P, 186x60, A++, Inox";SIEMENS;819.00;999
KG39FSB45;"Combi Siemens KG39FSB45, A+++, 203x60x66, 343L, Pu";SIEMENS;1259.00;1509
KG39NAI22;"Combi Siemens KG39NAI22, 201x60, A+, Inox";SIEMENS;699.00;639
KG39NAI4R;"Combi Siemens KG39NAI4R, A+++, 203x60x66, 366L, Pu";SIEMENS;930.63;899
KG39NAW32;"Combi Siemens KG39NAW32, 201x60, A++, Blanco";SIEMENS;749.00;639
KG39NXB3A;"Combi Siemens KG39NXB3A, 203x60, A++, Black Inox";SIEMENS;758.98;729
KG39NXI3A;"Combi Siemens KG39NXI3A, 203x60, A++, Inox";SIEMENS;716.02;689
KG49NAI22;"Combi Siemens KG49NAI22, 200x70, A+, Inox";SIEMENS;899.00;879
KGN33NW3A;"Combi Bosch KGN33NW3A, 176x60, A++, Blanco";"BOSCH  ";449.00;429
KGN39AI32;"Combi Bosch KGN39AI32 200x60 Inox no frost A++";"BOSCH  ";839.00;689
KGN39VW3A;"Combi Bosch KGN39VW3A, A++, 203x60x66,";"BOSCH  ";532.32;519
KGN39VW4A;"Combi Bosch KGN39VW4A, 203x60, A+++, Blanco";"BOSCH  ";619.00;589
KGN39XI34;"Combi Bosch KGN39XI34, 201x60, A++, Inox";"BOSCH  ";619.00;659
KI81RAF30;"Frigorífico 1puerta Siemens KI81RAF30 Integr. 177x";SIEMENS;790.00;969
KI86SAF30;"Combi Siemens KI86SAF30, 177x56, A++, Integrable";SIEMENS;899.00;1079
KIDSCHOPPER;"Chopper Deprotech KIDS";DEPROTE;659.00;629
KIR81AF30;"Frigorifico 1P Bosch KIR81AF30, 178x56, Integrable";"BOSCH  ";789.00;819
KITDELUXE;"Junta de union Candy KITDELUXE, con bandeja, para";"CANDY  ";29.00;4
KITTYBLA60;"Campana Turboair KITTY BL A 60";TURBOAI;169.00;139
KITTYBLA90;"Campana Turboair KITTY BL A 90";TURBOAI;185.00;149
KITTYWHA60;"Campana Turboair KITTY WH A 60";TURBOAI;169.00;149
KITTYWHA90;"Campana Turboair KITTY WH A 90";TURBOAI;185.00;154
KM40FAI20;"Frigorífico multiDoor  SIEMENS KM40FAI20";SIEMENS;2190.00;2599
KS15611R;"Frigorifico 1p Amica KS15611R, 86x55x61, A++, Vino";"AMICA  ";289.00;274
KS15614S;"Frigorifico 1P Amica KS15614S, 86x55x61, A++, Negr";"AMICA  ";289.00;274
KS15615B;"Frigorifico 1p Amica KS15615B, 86x55x61, A++, Bei";"AMICA  ";289.00;274
KSV33VL30;"Frigorifico 1puerta Bosch KSV33VL30, 176x60x65cm,r";"BOSCH  ";842.33;809
KSV36BW30;"Frigorifico 1puerta Bosch KSV36BW30, 346L, 186x60";"BOSCH  ";761.54;739
KVC6010T;"Robot de Cocina Kenwood KVC6010T, CHEF SENSE MAJOR";KENWOPA;589.88;569
L61270BI;"Lavadora AEG L61270BI, 7kg, 1200rpm, A++";"AEG    ";649.00;619
LB2710W;"Lavadora Benavent LB2710W, 7kg, 1000rpm, A++";BENAVEN;229.00;209
LC21BA582;"Campana decorativa Siemens LC21BA582";SIEMENS;1199.00;1249
LC97BE532;"Campana decorativa Siemens  LC97BE532, Black Box,";SIEMENS;349.00;369
LC98BE542;"Campana Siemens LC98BE542 90cm Box Black S";SIEMENS;495.66;479
LC98KD272;"Campana decorativa Siemens LC98KD272";SIEMENS;919.00;769
LED4018SMT;"TV LED GRUNKEL LED4018SMT 40 Smart TV FHD""";GRUNKEL;340.16;329
LED500SMT;"TV LED Grunkel LED500SMT, 50 Smart TV, Wifi""";GRUNKEL;479.00;439
LET22T1000HF;"TV Led HAIER 22 LET22T1000, Full HD, USB video,""";"HAIER  ";169.00;204
LFF8M121CXEU;"Lavavajillas Hotpoint LFF8M121CXEU, 12 cubiertos,";HOTPOIN;400.34;389
LGK120EAESPKU;"Smart Phone LG K4 4G Silver LGK120EAESPKU";"LG     ";94.90;134
LGV700;"Tablet Lg LVG700 10.1, IPS, Quad Core, 16Gb/1Gb""";"LG     ";229.00;244
LM233A10;"BATIDORA VASO MOULINEX LM233A10 FACICLIC MAXI CRIS";MOULINE;69.90;54
LVS374X;"Lavavajillas Smeg LVS374X 85x60cm full acero inox-";"SMEG   ";539.00;509
LVS375SX;"Lavavajillas Smeg LVS375SX, 85x60cm, acero inox an";"SMEG   ";731.10;709
MA013;"Grifo Nova MA013, Monomando Lavabo MAYA";"NOVA   ";29.12;59
MCP3491SL;"Microondas Whirlpool MCP3491SL, 25L, ChefPlus";WHIRLPO;249.00;219
MD16;"Irrigador dental Oral B Braun MD16";"I.PAE  ";84.90;54
MES25C0;"Licuadora Bosch MES25C0";BOSCHPA;99.90;79
MJ3965ACS;"Microondas LG MJ3965ACS, 39L, Horno 4 en 1, 1200w";"LGGB   ";369.70;359
MQ5020WH;"Batidora Brazo BRAUN MQ5020WH Minipimer 750 W 21 v";"BRAUNH ";52.90;64
MSZDM35VA;"A.A. Split pared Mitsubishi MSZDM35VA";MITSUBE;554.00;539
MSZSF35VE;"A.A. Split pared Mitsubishi MSZSF35VE2";MITSUBE;664.00;649
MUM58K20;"Robot Cocina BOSCH MUM58K20 Robot MUM5 rosa palo J";BOSCHPA;219.00;254
MUZHJ25VAE1;"A.A. Unidad exterior Mitsubishi MUZHJ25VAE1";MITSUBE;324.04;314
MUZHJ35VAE2;"A.A. UNIDAD EXTERIOR MUZHJ35VAE2";MITSUBE;386.32;349
MWHA2221X;"Microondas Hotpoint MWHA2221X,  encastre,7 nivele0";HOTPOIN;219.00;179
N10E;"Navegador LG N10E, portatil, pantalla táctil, b";"LG     ";129.00;144
NVR740628HDN;"Tv Led Nevir 28 NVR740628HDN""";"NEVIR  ";169.00;204
PBEU0096;"Escoba Polti PBEU0096 FORZASPIRA SR 25.9";"POLTI  ";109.00;184
PI6530ATP;"Induccion Amica PI6530ATP, 3 zonas, 30cm, 7,2kw";"AMICA  ";299.00;264
PID679FC1E;"Inducción Bosch PID679FC1E, 3 zonas, 60cm, gris";"BOSCH  ";594.99;579
PLS61NEGRA;"Mesa Tv Gisan PLS61NEGRA, Ancho 1130 mm, Alto 485m";"GISAN  ";299.00;279
PT860;"Afeitadora Philips PT860, recargable, cuchillas";"I.PAE  ";79.90;69
PTA0200;"Kit 3D Philips PTA0200, 2 gafas 3D + transmisor ID";PHILIPS;239.00;34
PV163N1;"Encimera Smeg PV163N1, 3 fuegos, gas, Cristalgas,";"SMEG   ";600.93;579
PXRC5CDWD;"Giradiscos Sunstech PXRC5CDWD, BLUETOOTH";SUNTECH;159.00;134
PXX375FB1E;"Vitroceramica Induccion Bosch PXX375FB1E modular 1";"BOSCH  ";503.75;479
QE49Q7FAMTXXC;"TV QLED Samsung QE49Q7FAMTXXC, 49 - Quantum Dot -""";SAMSUNG;1599.00;1579
QP22055;"RECAMBIO Barbero Philips ONEBLADE PACK 2 CUCHILLA";PHILIPA;39.90;24
RB31FEJNBSSEF;"Combi Samsung RB31FEJNBSSEF, 185x60, A+++, Inox";SAMSUGB;769.00;749
RB31FERNCWWEF;"Combi Samsung RB31FERNCWWEF, 185x60, A++, Blanco";SAMSUGB;635.55;619
RB36J8799S4EF;"Combi Samsung RB36J8799S4EF 201x60, A+++, Inox";SAMSUGB;1600.00;1559
RB37J502MSAEF;"Combi Samsung RB37J502MSAEF, 201x60, A+++, Inox";SAMSUGB;659.00;719
RB400N4BC3;"Combi Hisense RB400N4BC3, 188x60, A+++, Inox";HISENSE;559.00;539
RB400N4EW2;"Combi Hisense RRB400N4EW2, 188x60, A++, Blanco";HISENSE;439.00;399
RB403N4EC2;"Combi Hisense RB403N4EC2, 185x60, A++, Inox";HISENSE;414.00;399
RB41J7799S4EF;"Combi Samsung RB41J7799S4EF, 201x60, A+++, Inox";SAMSUGB;1424.05;1369
RCNA320E21W;"Combi Beko RCNA320E21W 185x60, A+, Blanco, Display";"BEKO   ";422.67;409
RCNA320K20PT;"Combi Beko RCNA320K20PT, 185x60, A+, Inox Mate";"BEKO   ";419.00;399
RCNA320K30W;"Combi Beko RCNA320K30W, 185x60, A++, Blanco";"BEKO   ";455.44;439
RCNA355E21W;"Combi Beko RCNA355E21W, 201x59,5x60";"BEKO   ";470.66;459
RCNA355E31PT;"Combi Beko RCNA355E31PT, 201x60, A++, Inox Mate";"BEKO   ";591.19;569
RCNA355K20W;"Combi Beko RCNA355K20W, 201x59,5x60, No Frost, Bla";"BEKO   ";445.45;429
RCNA400E31ZW;"Combi Beko RCNA400E31ZW 201x60, A++, Blanco";"BEKO   ";550.28;529
RCNA400E31ZX;"Combi Beko RCNA400E31ZX 201x60, A++, Inox";"BEKO   ";631.31;579
RCNE520E31ZX;"Combi Beko RCNE520E31ZX, 192x70, A++, Inox";"BEKO   ";728.03;679
RDNE455K20W;"Frigorifico 2P Beko RDNE455K20W, 182x70cm, NFR";"BEKO   ";571.42;549
RDNE535E31ZX;"Frigorifico 2P Beko RDNE535E31ZX, 193x70cm, NFR";"BEKO   ";731.55;709
RDNT230I20W;"Frigorifico 2P Beko RDNT230I20W, 145x54, No Frost";"BEKO   ";319.00;334
RDSA310M20X;"Frigorifico 2P Beko RDSA310M20X, 175x59,5cm";"BEKO   ";349.00;309
RF56K9041SRES;"Frigorifico 4P Samsung RF56K9041SR/ES French Door";SAMSUGB;2849.05;2739
RFNE312E33X;"Congelador V. Beko RFNE312E33X, 184,5x59,5cm, A++";"BEKO   ";639.00;619
RFNE312K21W;"Congelador V. Beko RFNE312K21W, 184,5x59,5cm, A+";"BEKO   ";439.00;459
RFNE312K21X;"Congelador V. Beko RFNE312K21X, 184,5x59,5cm, A+";"BEKO   ";516.94;499
RH8819WH;"ASPIRADOR ESCOBA ROWENTA RH8819WH AIR FORCE EXTREM";ROWENTA;129.00;164
RH8870WO;"ASPIRADOR ESCOBA ROWENTA RH8870WO AIR FORCE EXTREM";ROWENTA;209.90;199
RH8897WO;"Aspirador Rowenta RH8897WO Escoba";ROWENTA;249.90;229
RL475N4BC2;"Frigorifico 1P Hisense RL475N4BC2, 185x59,5cm,  NF";HISENSE;479.16;469
RO6984EA;"ASPIRADOR TRINEO ROWENTA RO6984EA X-TREM POWER CYC";ROWENTA;179.00;164
RO7611EA;"ASPIRADOR TRINEO ROWENTA RO7611EA SILENCE FORCE CY";ROWENTA;239.00;219
RO8324EA;"Aspirador Rowenta RO8324EA S/Bolsa Silen ForceC";ROWENTA;249.00;234
RQ562N4AC1;"Frigorifico SbS Hisense RQ562N4AC1, 181x79,4cm";HISENSE;719.00;669
RQ562N4GB1;"Frigorifico SbS Hisense RQ562N4GB1, 181x79,4cm";HISENSE;819.00;779
RRE1510;"Emisor termico Orbegozo RRE1510, 1500W, 8 elem";ORBEGOZ;154.90;144
RRE1800;"Emisor termico Orbegozo RRE1800, 1800W, 10 elemen";ORBEGOZ;189.00;174
RS53K4400SAF;"Frigorifico SbS Samsung RS53K4400SAF A+ Inox disp";SAMSUGB;1099.00;1019
RS57K4000WWEF;"Frigorifico SbS Samsung RS57K4000WWEF, A+";SAMSUGB;884.81;859
RS670N4HW1;"Frigorifico SbS Hisense RS670N4HW1, A+";HISENSE;569.00;529
RSF925JAEU;"Lavadora Hotpoint RSF925JAEU, 9Kg, 1200rpm, A+++ -";HOTPOIN;334.34;324
S3L090P;"Frigorifico 1P Smeg S3L090P Integrable";"SMEG   ";498.63;479
S63830CTX2;"Combi AEG S63830CTX2, A+++, 2,00m, Inox";"AEG    ";870.07;809
S951131;"Afeitadora Philips S951131";PHILIPA;373.63;359
SC030N;"TERMO APARICI SC030N, 30L, Plano, Digital, Biposic";APARICI;169.00;154
SCE52M56EU;"Lavavajillas Bosch SCE52M56EU, 8 servicios";"BOSCH  ";499.13;489
SEI563B;"Induccion Smeg SIM563B, 3 zonas, 60cm, biselada";"SMEG   ";371.35;359
SER60SGH3;"Encimera Smeg SER60SGH3, 4 fuegos, gas, inox";"SMEG   ";330.74;319
SF6371X;"Horno Smeg SF6371X, multifunción, 60 cm";"SMEG   ";419.27;409
SF6372X;"Horno Smeg SF6372X, multifunción, 60 cm";"SMEG   ";419.27;409
SFP6372X;"Horno Smeg SFP6372X, pirolítico, multifunción";"SMEG   ";515.25;499
SH61QRW;"Frigorifico 1P Hotpoint SH61QRW 175X60 A+";HOTPOIN;420.96;409
SHAKEX30PIEU;"Equipo Hifi Sony HCDSHAKEX30";"SONY   ";699.00;389
SI81QWD;"Frigorifico 1P Indesit SI81QWD, 188x60,Blanco,A+,D";INDESIT;394.82;449
SIMPLY1000;"Mesa TV ATECA SIMPLY1000, 100 cm.";"ATECA  ";129.00;104
SJF01RDEU;"LICUADORA SMEG SJF01RDEU DE EXPRIMIDO LENTO COLOR";SMEGPAE;449.80;439
SKM110;"Hervidor KENWOOD SKM110 2200 W; ACER INOX SATINADO";KENWOPA;45.90;64
SKS101;"Kit union Lavado WPRO SKS101 60x60cm";"WPRO   ";59.90;49
SMS46MW08E;"Lavavajillas Bosch SMS46MW08E, A++, 3ª bandeja,";"BOSCH  ";469.00;429
SMS58N88EU;"Lavavajillas Bosch SMS58N88EU, 14 cubiertos, inox";"BOSCH  ";529.00;509
SMV41D10EU;"Lavavajillas Bosch SMV41D10EU 12 servicios, 10 lit";"BOSCH  ";459.00;439
SMV46IX03E;"Lavavajillas Bosch SMV46IX03E, A++, VarioSpeed,";"BOSCH  ";649.65;629
SMV46MD00E;"Lavavajillas Bosch SMV46D00EE Integrable";"BOSCH  ";780.68;759
SMV46MX03E;"Lavavajillas Bosch SMV46MX03E, A++, 3ª bandeja,";"BOSCH  ";699.00;679
SMV53N90EU;"Lavavajillas Bosch SMV53N90EU";"BOSCH  ";649.00;549
SOFIAH61XA60;"Campana Turboair SOFIA H6 IX A 60";TURBOAI;119.00;99
SP15AT3;"Soporte pared Grunkel SP15AT3, VESA 600x400";GRUNKEL;54.90;39
SPIW4092;"A.A.Split Whirlpool SPIW4092, 9Kbtu, A++, 6th S";WHIRLPO;429.00;409
SPIW409L;"A.A.Split Whirlpool SPIW409L, 9Kbtu, A+, 6th Sent";WHIRLPO;364.00;349
SPIW412L;"A.A.Split Whirlpool SPIW412L, 12Kbtu, A+, 6th Sen";WHIRLPO;374.00;359
SPIW4182;"A.A.Split Whirlpool SPIW4182, 18Kbtu, A++, 6th S";WHIRLPO;654.00;629
SPIW418L;"A.A.Split Whirlpool SPIW418L, 18Kbtu, A+, 6th Sens";WHIRLPO;584.00;549
ST531;"Lavavajillas Smeg ST531, integración 60cm";"SMEG   ";499.00;449
T8DBG862;"Secadora AEG T8DBG862, 8kg";"AEG    ";704.27;679
T8DEC866;"Secadora AEG T8DEC866, 8kg, Bomba Calor, A+++";"AEG    ";778.94;749
TAA5;"Frigorifico 2P Indesit TAA5, 180x70cm, Blanco A";INDESIT;419.00;399
TAT8611;"Tostador BOSCH TAT8611 Tostador Styline";BOSCHPA;69.00;84
TDI902839W;"Centro Planchado BOSCH TDI902839W Plancha de inyec";BOSCHPA;89.00;104
TDLR70210;"Lavadora Whirlpool TDLR70210, 7kg, 1200rpm";WHIRLPO;399.00;379
TI118B;"Induccion Brandt TI118B, 3 zonas, 7200w, Booster";"BRANDT ";279.00;264
TI1410V;"Induccion Brandt TI1410V, 3 zonas, 7200w, Booster";"BRANDT ";269.00;249
TI1411V;"Induccion Brandt TI1411V, 3 zonas, 7200w, Booster";"BRANDT ";269.00;249
TIAA12V1;"Frigorifico 2P Indesit TIAA12V1, 175x60, A+, Venti";INDESIT;343.39;319
TNCPLUS100;"Termo Electrico Cointra TNC PLUS 100, 100L, 1500w,";COINTRA;149.00;134
TNCPLUS50;"Termo Electrico Cointra TNC PLUS 50, 50L, 1500w, T";COINTRA;119.00;104
TR100RS;"Termo Electrico Hoover TR100RS, 100L, redondo regu";"HOOVER ";149.90;134
TSP150;"Altavoz Denver TSP150 Trolleys Bluetooth";"DENVER ";74.90;64
TX49DS500E;"Tv Led Panasonic TX49DS500E, Smart TV, Wifi, 400Hz";PANASON;549.00;649
TXG25LW;"A.A Split Daikin TXG25LW, 2100 Frig.";"DAIKIN ";1252.56;1209
TXM25M;"A.A. Split Daikin TXM25M  2150 frigorias A+++/A+++";"DAIKIN ";879.00;839
TXM42M;"A.A. Split Daikin TXM42M  3612 frigorias A++/A++ C";"DAIKIN ";1239.00;1179
U10DANTESL;"SmartPhone Qubo U10DANTESL, 5 TFT LCD IPS, G+F+F""";"QUBO   ";189.00;174
UE32J4510AWXXC;"TV LED Samsung UE32J4510AWXXC, 32, Smart Tv, Blan""";SAMSUNG;309.00;349
UE40K6300AKXXC;"TV Led Samsung UE40K6300AKXXC LED, 40, Curvo, Sma""";SAMSUNG;479.00;509
UE40MU6105KXXC;"TV LED Samsung UE40MU6105KXXC, 40 - TV Plano UHD,""";SAMSUNG;549.00;569
UE43M5505AKXXC;"TV LED Samsung UE43M5505AKXXC, 43 - TV Plano Full""";SAMSUNG;589.00;559
UE43MU6105KXXC;"TV LED Samsung UE43MU6105KXXC, 43 - TV Plano UHD,""";SAMSUNG;599.00;629
UE49J5200AWXXC;"TV LED Samsung UE49J5200AWXXC, 49, Smart Tv, FHD""";SAMSUNG;499.00;529
UE49KS7500UXXC;"TV Led Samsung UE49KS7500UXXC LED, 49, Curvo, Sma""";SAMSUNG;999.00;1049
UE49M5505AKXXC;"TV LED Samsung UE49M5505AKXXC, 49 - TV Plano Full""";SAMSUNG;679.00;639
UE49MU6105KXXC;"TV LED Samsung UE49MU6105KXXC, 49 - TV Plano UHD,""";SAMSUNG;679.00;699
UE49MU6405UXXC;"TV LED Samsung UE49MU6405UXXC, 49 - TV Plano UHD,""";SAMSUNG;799.00;849
UE49MU9005TXXC;"TV LED Samsung UE49MU9005TXXC, 49 - TV Curvo UHD,""";SAMSUNG;1219.00;1259
UE55K5500AKXXC;"TV Led Samsung UE55K5500AKXXC LED, 55, Plano, Sma""";SAMSUNG;749.00;789
UE55KU6510UXXC;"TV Led Samsung UE55KU6510UXXC TBC";SAMSUNG;1199.00;1259
UE55M6305AKXXC;"TV LED Samsung UE55M6305AKXXC, 55 - TV Curvo Full""";SAMSUNG;949.00;919
UE55MU6105KXXC;"TV LED Samsung UE55MU6105KXXC, 55 - TV Plano UHD,""";SAMSUNG;829.00;879
UE65KU6500UXXC;"TV Led Samsung UE65KU6500UXXC LED, 65, Curvo, Sma""";SAMSUNG;1599.00;1669
UE65MU6405UXXC;"TV LED Samsung UE65MU6405UXXC, 65 - TV Plano UHD,""";SAMSUNG;1599.00;1639
UE65MU6505UXXC;"TV LED Samsung UE65MU6505UXXC, 65 - TV Curvo UHD,""";SAMSUNG;1849.00;1809
UE65MU9005TXXC;"TV LED Samsung UE65MU9005TXXC, 65 - TV Curvo UHD,""";SAMSUNG;1899.00;1969
VAI6035WN;"A.A. Split Inverter VAILLANT VAI6035WN, A+/A";VAILLAN;384.00;354
VC74070NCAQ;"Aspirador LG VC74070NCAQ,";"LGGB   ";462.28;449
VESTA2229FHDPVR;"TV LED Schneider VESTA 2229, FHDPVR, 22, FULL HD""";SCHNEID;179.00;109
WAE20067ES;"Lavadora Bosch WAE20067ES, 7k 1000rpm";"BOSCH  ";329.00;389
WAN24260ES;"Lavadora Bosch WAN24260ES, 7kg, 1200rpm";"BOSCH  ";359.00;389
WAT2449XES;"Lavadora Bosch WAT2449XES, 8kg, 1200rpm,";"BOSCH  ";511.77;499
WAT28491ES;"Lavadora Bosch WAT28491ES, 9kg, 1400rpm,";"BOSCH  ";516.20;499
WAT28661ES;"Lavadora Bosch WAT28661ES, 8kg, 1400rpm, i-Dos";"BOSCH  ";535.55;519
WAT2867XES;"Lavadora Bosch WAT2867XES, 8kg, 1400rpm,";"BOSCH  ";656.30;639
WD80M4453IWEC;"Lavasecadora Samsung WD80M4453IWEC, 8kg6kg, 1400rp";SAMSUGB;574.75;559
WDMT4138AH17;"Lavasecadora Hoover WDMT4138AH17, 1400rpm, 13kg la";"HOOVER ";794.06;769
WFBJ8012;"Lavadora Hisense WFBJ8012, A+++, 8kg, 1200";HISENSE;299.00;279
WFO3033DLX;"Lavavajillas Whirlpool WFO3033DLX, A+++, 3 band";WHIRLPO;529.41;519
WI12A222ES;"Lavadora Siemens WI12A222ES, A++, 7kg, 1200rpm, Bl";SIEMENS;642.06;619
WI12W320ES;"Lavadora Siemens WI12W320ES, 8kg, 1200rpm, A+++-20";SIEMENS;685.80;659
WM14T468ES;"Lavadora Siemens WM14T468ES,";SIEMENS;445.00;419
WM14T491ES;"Lavadora Siemens WM14T491ES, A+++-30%, 9kg, 1400rp";SIEMENS;508.82;489
WM14W699EE;"Lavadora Siemens WM14W699EE,";SIEMENS;839.00;619
WM6120B;"Lavadora Brandt WM6120B, 6kg, 1200rpm, A+++";"BRANDT ";259.18;249
WMI81242;"Lavadora Beko WMI81242, 8kg, 1200rpm, Integ";"BEKO   ";399.00;379
WT47G428EE;"Secadora Siemens WT47G428EE,  A++, 8kg, Blanco, Di";SIEMENS;570.38;549
WTG87228EE;"Secadora Bosch WTG87228EE, 8kg, A++,";"BOSCH  ";558.37;529
WTG8729XEE;"Secadora Bosch WTG8729XEE, 9kg, A++,";"BOSCH  ";765.45;739
WTW845W0ES;"Secadora Bosch WTW845W0ES 8k Bomba calor A+++";"BOSCH  ";1449.00;1379
WUQ24468ES;"Lavadora Bosch WUQ24468ES, 8kg, 1200rpm, A+++-30%";"BOSCH  ";419.00;399
WUQ28468ES;"Lavadora Bosch WUQ28468ES, 8kg, 1400rpm, A+++-30%";"BOSCH  ";457.20;439
WVH28470EP;"Lavasecadora Bosch WVH28470EP, 7kg/4kg, 1400rpm, A";"BOSCH  ";659.00;639
WVH3057XEP;"Lavadora Bosch WVH3057XEP, 7kg, 1500rpm";"BOSCH  ";1338.42;1469
WW80J5555DWEC;"Lavadora Samsung WW80J5555DWEC, 8kg, 1400rpm";SAMSUGB;443.39;429
WW80K6414QWEC;"Lavadora Samsung WW80K6414QWEC, 8kg, 1400rpm";SAMSUGB;579.00;599
WW90J5355DWEC;"Lavadora Samsung WW90J5355DWEC, 9kg, 1200rpm";SAMSUGB;492.76;479
WW90J5455DWEC;"Lavadora Samsung WW90J5455DWEC, 9kg, 1400rpm";SAMSUGB;471.90;459
WWDP10716;"Lavasecadora Whirlpool WWDP10716, 10k/7k, 1600rpm";WHIRLPO;701.32;679
XH8T2IX;"Combi Hotpoint XH8T2IX, 189x60, A++, Inox";HOTPOIN;511.30;499
XIAOMI;"Bicicleta Electrica Deprotech XIAOMI";DEPROTE;936.24;899
XN760BPR4;"Cafetera Nespresso Krups XN760BPR4, Ctitiz&Milk Ti";"KRUPS  ";169.00;199
ZCY0909;"A.A. Multi Split Johnson ZCY0909, 2236+2236 Frig.,";JOHNSON;924.00;829
ZDH8333PZ;"Secadora Zanussi ZDH8333PZ, 8Kg, Condensacion";ZANUSSI;459.00;419
ZIM656LS;"Lavavajillas Amica ZIM656LS, 12 cub, A++, integrab";"AMICA  ";331.09;319
ZWF8230WWE;"Lavadora Zanussi ZWF8230WWE, 8kg, 1200rpm, A+++";ZANUSSI;321.30;309
ZWM646IE;"Lavavajillas Amica ZWM646IE, 14 servicios, 60cm, A";"AMICA  ";404.25;389
